Name,Team,Position,Cost,Creativity,Influence,Threat,ICT,Goals_conceded,Goals_scored,Assists,Own_goals,Penalties_missed,Penalties_saved,Saves,Yellow_cards,Red_cards,TSB,Minutes,Bonus,Points
Abraham,CHE,FWD,54,0.0,0.0,0.0,0.0,0,0,0,0,0,0,0,0,0,0.1,0,0,0
Adam Smith,BOU,DEF,45,70.2,172.4,51.0,29.4,12,1,0,0,0,0,0,1,1,0.8,965,0,37
Adrian,WHU,GKP,43,0.0,0.0,0.0,0.0,0,0,0,0,0,0,0,0,0,0.3,0,0,0
Aguero,MCI,FWD,115,260.3,388.8,741.0,138.9,5,8,6,0,0,0,0,2,0,53.6,875,9,80
Ake,BOU,DEF,50,12.7,306.4,161.0,48.0,16,1,0,0,0,0,0,0,0,4.9,1080,4,43
Albrighton,LEI,MID,52,165.0,130.2,131.0,42.7,7,1,1,0,0,0,0,1,0,0.4,491,0,22
Alderweireld,TOT,DEF,59,35.8,224.4,63.0,32.3,9,0,0,0,0,0,0,1,0,2.8,980,2,40
Alexander-Arnold,LIV,DEF,51,194.4,180.4,109.0,48.3,4,0,2,0,0,0,0,3,0,20.1,895,4,51
Alisson,LIV,GKP,57,0.0,210.0,0.0,20.9,5,0,0,0,0,0,25,0,0,20.2,1080,1,57
Alli,TOT,MID,89,67.8,118.6,203.0,39.0,5,1,1,0,0,0,0,0,0,2.6,466,2,24
Alonso,CHE,DEF,71,242.5,272.0,208.0,72.3,8,1,7,0,0,0,0,1,0,47.9,1080,14,86
Amartey,LEI,MID,44,46.7,139.0,21.0,20.8,9,0,0,0,0,0,0,2,0,0.2,639,0,15
Amos,TOT,MID,44,0.1,2.2,0.0,0.2,0,0,0,0,0,0,0,0,0,0.1,2,0,1
Ampadu,CHE,MID,44,0.0,0.0,0.0,0.0,0,0,0,0,0,0,0,0,0,0.0,0,0,0
Andone,BHA,FWD,50,0.5,4.6,0.0,0.5,1,0,0,0,0,0,0,0,0,0.1,40,0,2
Andre Gomes,EVE,MID,54,27.3,34.0,49.0,11.1,3,0,0,0,0,0,0,0,0,0.1,351,0,10
Antonio,WHU,MID,68,76.2,68.2,257.0,39.8,6,0,2,0,0,0,0,1,0,0.8,430,0,22
Armstrong,SOU,MID,51,71.3,29.6,47.0,14.8,4,0,0,0,0,0,0,0,0,0.1,224,0,10
Arnautovic,WHU,FWD,71,199.4,256.8,448.0,90.0,14,5,2,0,0,0,0,2,0,21.6,809,9,52
Arter,CAR,MID,49,74.6,82.6,44.0,20.2,16,0,0,0,0,0,0,5,0,0.2,748,0,14
Atsu,NEW,MID,51,61.3,40.8,25.0,12.7,3,0,0,0,0,0,0,1,0,0.1,196,0,7
Aubameyang,ARS,FWD,109,149.3,300.0,345.0,79.3,11,7,2,0,0,0,0,0,0,15.1,850,11,67
Aurier,TOT,DEF,58,41.3,51.6,8.0,10.1,1,0,1,0,0,0,0,0,0,0.6,170,0,12
Austin,SOU,FWD,55,52.7,43.8,156.0,24.9,4,0,0,0,1,0,0,0,0,0.4,453,0,11
Ayew,CRY,FWD,57,81.3,40.8,150.0,27.2,6,0,1,0,0,0,0,1,0,0.2,559,0,17
Ayite,FUL,MID,43,5.4,8.4,9.0,2.0,3,0,0,0,0,0,0,0,0,0.1,104,0,4
Azpilicueta,CHE,DEF,63,201.1,232.8,67.0,50.2,8,0,1,0,0,0,0,0,0,9.7,1080,1,50
Bacuna,HUD,MID,43,0.3,3.0,0.0,0.3,1,0,0,0,0,0,0,0,0,0.2,13,0,2
Bailly,MUN,DEF,51,0.7,35.6,4.0,4.1,6,0,0,0,0,0,0,0,0,1.5,200,0,5
Baines,EVE,DEF,51,74.7,39.8,15.0,13.0,5,0,0,0,0,0,0,0,0,0.7,284,0,5
Bakayoko,CHE,MID,49,0.0,0.0,0.0,0.0,0,0,0,0,0,0,0,0,0,0.1,0,0,0
Balbuena,WHU,DEF,44,35.0,306.2,139.0,48.2,18,1,0,0,0,0,0,1,0,0.9,1080,3,31
Baldock,BHA,FWD,45,0.0,0.0,0.0,0.0,0,0,0,0,0,0,0,0,0,0.3,0,0,0
Balogun,BHA,DEF,42,0.3,34.2,2.0,3.6,3,0,0,0,0,0,0,1,0,0.1,160,0,2
Bamba,CAR,DEF,45,24.0,318.0,158.0,50.0,20,2,1,0,0,0,0,1,0,1.2,990,4,40
Baningime,EVE,MID,43,0.0,0.0,0.0,0.0,0,0,0,0,0,0,0,0,0,0.1,0,0,0
Bardsley,BUR,DEF,42,18.9,31.2,1.0,5.1,3,0,0,0,0,0,0,2,0,0.1,180,0,1
Barkley,CHE,MID,60,111.5,188.8,182.0,48.0,6,3,3,0,0,0,0,0,0,8.8,459,5,47
Barnes,BUR,FWD,57,41.1,83.2,86.0,20.9,6,2,0,0,0,0,0,1,0,0.4,284,3,22
Batth,WOL,DEF,40,0.0,0.0,0.0,0.0,0,0,0,0,0,0,0,0,0,0.9,0,0,0
Bednarek,SOU,DEF,39,0.6,38.6,0.0,4.0,1,0,0,0,0,0,0,0,0,4.0,80,0,2
Begovic,BOU,GKP,45,0.0,239.2,0.0,24.0,16,0,0,0,0,0,33,0,0,4.2,1080,2,41
Bellerin,ARS,DEF,54,150.5,204.4,171.0,52.5,14,0,4,1,0,0,0,2,0,10.7,1035,3,39
Benalouane,LEI,DEF,39,0.0,0.0,0.0,0.0,0,0,0,0,0,0,0,0,0,1.0,0,0,0
Benkovic,LEI,DEF,50,0.0,0.0,0.0,0.0,0,0,0,0,0,0,0,0,0,0.0,0,0,0
Bennett,WOL,DEF,42,66.3,223.6,72.0,36.1,13,0,0,0,0,0,0,3,0,11.7,1080,1,34
Bennett,CAR,DEF,45,115.5,165.0,13.0,29.4,17,0,1,0,0,0,0,0,0,0.6,810,2,24
Benteke,CRY,FWD,63,50.7,14.2,170.0,23.3,5,0,0,0,0,0,0,0,0,0.5,325,0,8
Bernard,EVE,MID,59,172.2,74.6,40.0,28.5,5,0,2,0,0,0,0,2,0,0.3,418,2,22
Bernardo,BHA,DEF,42,15.8,31.0,0.0,4.7,2,0,0,0,0,0,0,1,0,0.1,112,0,1
Bernardo Silva,MCI,MID,75,367.6,289.8,330.0,98.8,4,3,3,0,0,0,0,2,0,7.7,960,6,56
Bertrand,SOU,DEF,48,251.0,207.0,85.0,54.2,21,1,0,0,0,0,0,5,0,3.6,1080,1,33
Bettinelli,FUL,GKP,44,0.0,195.0,0.0,19.4,20,0,0,0,0,1,20,1,0,0.5,630,0,15
Billing,HUD,MID,45,136.8,228.6,163.0,53.0,21,1,0,0,0,0,0,4,0,2.2,1046,3,30
Bissouma,BHA,MID,47,35.0,49.2,31.0,11.5,10,0,0,0,0,0,0,2,0,0.0,492,0,13
Blind,MUN,DEF,50,0.0,0.0,0.0,0.0,0,0,0,0,0,0,0,0,0,0.0,0,0,0
Bogle,CAR,FWD,45,0.0,0.0,0.0,0.0,0,0,0,0,0,0,0,0,0,0.1,0,0,0
Bolasie,EVE,MID,58,0.0,0.0,0.0,0.0,0,0,0,0,0,0,0,0,0,0.1,0,0,0
Boly,WOL,DEF,46,34.6,284.4,103.0,42.2,13,1,0,0,0,0,0,0,0,5.1,1080,3,45
Bonatini,WOL,FWD,47,30.9,24.6,90.0,13.6,0,0,1,0,0,0,0,0,0,0.5,130,0,10
Bong,BHA,DEF,45,58.9,123.2,0.0,18.1,18,0,0,0,0,0,0,0,0,0.2,1054,0,28
Boruc,BOU,GKP,40,0.0,0.0,0.0,0.0,0,0,0,0,0,0,0,0,0,6.1,0,0,0
Boufal,SOU,MID,55,0.0,0.0,0.0,0.0,0,0,0,0,0,0,0,0,0,0.0,0,0,0
Brady,BUR,MID,54,54.3,29.8,30.0,11.4,6,0,1,0,0,0,0,2,0,0.0,130,0,5
Bravo,MCI,GKP,49,0.0,0.0,0.0,0.0,0,0,0,0,0,0,0,0,0,0.1,0,0,0
Brian Murphy,CAR,GKP,40,0.0,0.0,0.0,0.0,0,0,0,0,0,0,0,0,0,0.2,0,0,0
Britos,WAT,DEF,44,0.0,0.0,0.0,0.0,0,0,0,0,0,0,0,0,0,0.0,0,0,0
Brooks,BOU,MID,51,155.8,190.0,302.0,64.9,11,3,0,0,0,0,0,1,0,2.8,813,2,40
Browning,EVE,DEF,40,0.0,0.0,0.0,0.0,0,0,0,0,0,0,0,0,0,0.1,0,0,0
Bruno,BHA,DEF,44,37.4,80.6,4.0,12.3,3,0,1,0,0,0,0,0,0,0.8,362,4,27
Bryan,FUL,DEF,48,70.3,66.8,15.0,15.2,9,0,0,0,0,0,0,0,0,0.1,315,0,5
Button,BHA,GKP,40,0.0,0.0,0.0,0.0,0,0,0,0,0,0,0,0,0,1.7,0,0,0
Byram,WHU,DEF,45,0.0,0.0,0.0,0.0,0,0,0,0,0,0,0,0,0,0.0,0,0,0
Caballero,CHE,GKP,47,0.0,0.0,0.0,0.0,0,0,0,0,0,0,0,0,0,0.1,0,0,0
Cahill,CHE,DEF,51,0.0,2.8,0.0,0.3,0,0,0,0,0,0,0,0,0,0.6,21,0,1
Cairney,FUL,MID,48,144.6,86.8,16.0,24.8,12,0,1,0,0,0,0,0,0,0.6,447,0,15
Calvert-Lewin,EVE,FWD,53,26.9,87.2,122.0,23.6,6,2,0,0,0,0,0,1,0,0.8,353,2,23
Camarasa,CAR,MID,45,290.9,151.4,133.0,57.6,23,1,1,0,0,0,0,2,0,1.6,957,2,32
Capoue,WAT,MID,51,63.8,239.4,75.0,37.9,13,1,2,0,0,0,0,5,0,1.5,990,8,39
Carlos Sanchez,WHU,MID,44,27.7,20.2,24.0,7.2,4,0,0,0,0,0,0,0,0,0.2,217,0,7
Carrillo,SOU,FWD,55,0.0,0.0,0.0,0.0,0,0,0,0,0,0,0,0,0,0.0,0,0,0
Carroll,WHU,FWD,54,0.0,0.0,0.0,0.0,0,0,0,0,0,0,0,0,0,0.0,0,0,0
Cathcart,WAT,DEF,45,15.9,229.4,137.0,38.4,14,1,0,1,0,0,0,1,0,1.0,1071,3,38
Cavaleiro,WOL,MID,52,89.9,89.4,72.0,24.7,3,2,0,0,0,0,0,1,0,0.2,207,3,21
Cech,ARS,GKP,50,0.0,205.0,0.0,20.4,9,0,0,0,0,0,27,0,0,1.4,585,3,24
Chalobah,WAT,MID,45,12.2,7.2,4.0,2.4,1,0,0,0,0,0,0,1,0,0.1,99,0,3
Chamberlain,LIV,MID,64,0.0,0.0,0.0,0.0,0,0,0,0,0,0,0,0,0,0.0,0,0,0
Chambers,FUL,DEF,42,14.6,108.8,20.0,14.4,10,0,0,0,0,0,0,2,0,0.9,426,0,5
Chicharito,WHU,FWD,62,32.6,51.6,129.0,21.3,7,1,1,0,0,0,0,0,0,1.1,307,1,18
Chilwell,LEI,DEF,51,231.3,219.0,126.0,57.8,16,0,2,0,0,0,0,1,0,3.1,1080,5,44
Choudhury,LEI,MID,43,0.0,0.0,0.0,0.0,0,0,0,0,0,0,0,0,0,0.1,0,0,0
Christensen,CHE,DEF,50,0.0,0.0,0.0,0.0,0,0,0,0,0,0,0,0,0,0.4,0,0,0
Christie,FUL,DEF,42,124.9,116.8,25.0,26.6,15,0,0,0,0,0,0,1,0,0.1,492,0,5
Cisse,FUL,MID,44,0.0,0.0,0.0,0.0,0,0,0,0,0,0,0,0,0,0.1,0,0,0
Clark,NEW,DEF,45,2.3,139.0,49.0,19.2,10,1,0,0,0,0,0,0,0,0.2,497,0,17
Cleverley,WAT,MID,50,0.0,0.0,0.0,0.0,0,0,0,0,0,0,0,0,0,0.0,0,0,0
Clyne,LIV,DEF,46,0.0,0.0,0.0,0.0,0,0,0,0,0,0,0,0,0,0.2,0,0,0
Coady,WOL,DEF,45,15.9,192.2,0.0,20.6,13,0,0,0,0,0,0,2,0,0.6,1080,2,36
Coleman,EVE,DEF,52,78.0,162.4,74.0,31.4,9,1,0,0,0,0,0,1,0,1.3,720,2,28
Connolly,CAR,DEF,39,0.0,0.0,0.0,0.0,0,0,0,0,0,0,0,0,0,1.1,0,0,0
Cork,BUR,MID,47,105.8,115.4,57.0,27.9,20,0,0,0,0,0,0,3,0,0.4,972,0,22
Costa,WOL,MID,49,129.8,56.8,189.0,37.6,12,0,0,0,0,0,0,1,0,0.5,868,0,25
Courtois,CHE,GKP,55,0.0,0.0,0.0,0.0,0,0,0,0,0,0,0,0,0,0.5,0,0,0
Coventry,WHU,MID,45,0.0,0.0,0.0,0.0,0,0,0,0,0,0,0,0,0,0.0,0,0,0
Cresswell,WHU,DEF,51,98.9,81.8,12.0,19.2,6,0,0,0,0,0,0,1,0,0.6,375,0,7
Cunningham,CAR,DEF,42,40.2,45.0,10.0,9.6,8,0,0,0,0,0,0,2,0,0.0,270,0,1
Cedric,SOU,DEF,44,147.1,186.2,79.0,41.3,21,0,1,0,0,0,0,4,0,4.6,1045,7,32
Dahlberg,WAT,GKP,44,0.0,0.0,0.0,0.0,0,0,0,0,0,0,0,0,0,0.1,0,0,0
Dalot,MUN,DEF,53,0.0,0.0,0.0,0.0,0,0,0,0,0,0,0,0,0,0.0,0,0,0
Damour,CAR,MID,44,1.0,0.6,8.0,0.9,2,0,0,0,0,0,0,0,0,0.0,21,0,2
Daniels,BOU,DEF,42,80.8,83.0,37.0,20.0,4,0,0,0,0,0,0,1,0,4.5,420,0,16
Danilo,MCI,DEF,51,0.0,0.0,0.0,0.0,0,0,0,0,0,0,0,0,0,0.3,0,0,0
Dann,CRY,DEF,44,0.0,0.0,0.0,0.0,0,0,0,0,0,0,0,0,0,0.0,0,0,0
Darlow,NEW,GKP,44,0.0,0.0,0.0,0.0,0,0,0,0,0,0,0,0,0,0.1,0,0,0
Darmian,MUN,DEF,46,2.3,20.6,7.0,3.0,1,0,0,0,0,0,0,0,0,0.2,90,0,2
David Luiz,CHE,DEF,56,98.9,263.6,102.0,46.3,8,0,0,0,0,0,0,1,0,5.8,1080,6,51
David Silva,MCI,MID,86,507.4,325.8,487.0,132.2,5,4,2,0,0,0,0,1,0,9.4,832,7,57
Davies,EVE,MID,52,55.3,61.6,26.0,14.3,7,0,0,0,0,0,0,2,0,0.1,496,0,11
Davies,TOT,DEF,56,127.9,130.8,75.0,33.4,7,0,0,0,0,0,0,1,0,2.2,638,0,21
Davis,SOU,MID,46,0.2,1.0,0.0,0.1,1,0,0,0,0,0,0,0,0,0.1,6,0,1
De Bruyne,MCI,MID,97,31.6,9.6,15.0,5.6,0,0,0,0,0,0,0,1,0,3.3,81,0,2
De Gea,MUN,GKP,58,0.0,307.0,0.0,30.7,21,0,0,0,0,0,42,0,0,16.0,1080,1,33
Deeney,WAT,FWD,59,170.0,169.6,372.0,71.2,12,2,1,0,0,0,0,1,0,2.6,768,4,31
Defoe,BOU,FWD,56,0.0,3.0,23.0,2.6,2,0,0,0,0,0,0,0,0,0.4,22,0,4
Defour,BUR,MID,54,18.4,45.8,0.0,6.5,11,0,0,0,0,0,0,0,0,0.0,308,0,7
Delph,MCI,DEF,53,26.3,35.4,0.0,6.1,0,0,0,0,0,0,0,0,0,0.3,167,2,15
Dembele,TOT,MID,49,17.5,51.0,1.0,7.1,6,0,0,0,0,0,0,1,0,0.9,512,0,14
Dendoncker,WOL,MID,43,0.0,0.0,0.0,0.0,0,0,0,0,0,0,0,0,0,0.4,0,0,0
Depoitre,HUD,FWD,52,78.2,37.0,168.0,27.9,13,0,1,0,0,0,0,1,0,0.5,538,0,18
Deulofeu,WAT,MID,54,82.5,62.8,131.0,27.5,2,1,1,0,0,0,0,1,0,0.9,303,0,18
Diabate,LEI,MID,47,0.0,0.0,0.0,0.0,0,0,0,0,0,0,0,0,0,0.0,0,0,0
Diakhaby,HUD,MID,46,23.7,18.2,10.0,5.0,6,0,0,0,0,0,0,0,0,0.0,230,0,9
Diame,NEW,MID,49,35.1,152.2,99.0,28.7,15,0,0,0,0,0,0,2,0,0.1,1054,0,26
Diangana,WHU,MID,45,79.5,55.2,43.0,17.8,4,0,1,0,0,0,0,0,0,0.3,255,0,11
Diaz,MCI,MID,47,0.0,0.0,0.0,0.0,0,0,0,0,0,0,0,0,0,0.0,0,0,0
Dier,TOT,MID,48,81.6,148.2,45.0,27.6,6,1,0,0,0,0,0,1,0,1.6,757,0,26
Digne,EVE,DEF,48,313.9,196.8,74.0,58.5,10,0,1,0,0,0,0,1,0,2.6,799,3,33
Diop,WHU,DEF,43,22.6,215.4,63.0,30.0,12,0,0,1,0,0,0,1,0,0.6,900,0,19
Doherty,WOL,DEF,49,254.8,257.4,241.0,75.2,13,1,2,1,0,0,0,1,0,16.5,1039,9,54
Doucoure,WAT,MID,59,222.6,229.0,126.0,57.7,14,0,4,1,0,0,0,2,0,1.6,1080,6,41
Douglas,WOL,DEF,50,0.0,0.0,0.0,0.0,0,0,0,0,0,0,0,0,0,0.0,0,0,0
Dowell,EVE,MID,45,0.0,0.0,0.0,0.0,0,0,0,0,0,0,0,0,0,0.0,0,0,0
Drinkwater,CHE,MID,47,0.0,0.0,0.0,0.0,0,0,0,0,0,0,0,0,0,0.1,0,0,0
Dubravka,NEW,GKP,50,0.0,278.8,0.0,27.7,15,0,0,0,0,0,34,0,0,0.6,1080,5,48
Duffy,BHA,DEF,47,22.4,404.6,88.0,51.5,18,2,2,0,0,0,0,2,0,7.4,1080,3,47
Dummett,NEW,DEF,44,66.7,185.2,13.0,26.5,10,0,0,0,0,0,0,0,0,0.2,900,0,32
Dunk,BHA,DEF,45,33.1,283.4,86.0,40.3,15,2,0,0,0,0,0,2,0,3.8,919,4,40
Durm,HUD,DEF,44,82.9,82.2,70.0,23.4,11,0,0,0,0,0,0,0,0,0.1,509,0,9
Ecuele Manga,CAR,DEF,45,88.4,233.4,27.0,35.0,25,0,1,0,0,0,0,0,0,0.1,1080,0,25
Ederson,MCI,GKP,58,20.0,174.4,0.0,19.4,5,0,1,0,0,0,19,0,0,26.6,1080,4,62
Elliot,NEW,GKP,43,0.0,0.0,0.0,0.0,0,0,0,0,0,0,0,0,0,0.2,0,0,0
Elneny,ARS,MID,43,0.0,0.0,0.0,0.0,0,0,0,0,0,0,0,0,0,2.3,0,0,0
Elyounoussi,SOU,MID,62,186.8,75.2,152.0,41.4,3,0,0,0,0,0,0,0,0,0.1,513,0,18
Emerson,CHE,DEF,52,0.0,0.0,0.0,0.0,0,0,0,0,0,0,0,0,0,0.1,0,0,0
Enobakhare,WOL,MID,43,0.0,0.0,0.0,0.0,0,0,0,0,0,0,0,0,0,0.1,0,0,0
Eriksen,TOT,MID,92,202.7,114.2,129.0,44.8,9,0,2,0,0,0,0,0,0,4.1,581,0,22
Etheridge,CAR,GKP,45,0.0,343.0,0.0,34.2,25,0,0,0,0,2,39,0,0,5.9,1080,3,43
Evans,LEI,DEF,48,12.2,57.0,35.0,10.4,4,0,0,0,0,0,0,1,0,0.3,428,0,21
Fabianski,WHU,GKP,45,0.0,374.4,0.0,37.2,18,0,0,0,0,0,51,0,0,13.8,1080,7,45
Fabinho,LIV,MID,55,45.7,41.6,26.0,11.4,2,0,0,0,0,0,0,1,0,0.5,291,0,7
Fabri,FUL,GKP,43,0.0,115.2,0.0,11.5,5,0,0,0,0,0,15,0,0,0.3,180,2,8
Felipe Anderson,WHU,MID,69,374.2,324.8,238.0,93.7,16,4,1,0,0,0,0,3,0,5.6,990,7,52
Fellaini,MUN,MID,49,60.4,141.4,113.0,31.4,10,0,2,0,0,0,0,0,0,0.6,560,0,21
Fernandes,WHU,MID,45,0.0,0.0,0.0,0.0,0,0,0,0,0,0,0,0,0,0.1,0,0,0
Fernandinho,MCI,MID,54,168.7,256.6,126.0,55.3,5,1,2,0,0,0,0,2,0,5.5,1051,3,43
Fernandez,NEW,DEF,44,41.2,210.6,44.0,29.6,11,0,1,0,0,0,0,1,0,0.4,810,3,31
Firmino,LIV,FWD,92,241.6,191.4,325.0,75.2,2,2,2,0,0,0,0,0,0,17.4,914,4,41
Foden,MCI,MID,46,54.0,14.4,69.0,13.7,0,0,0,0,0,0,0,0,0,0.1,65,0,6
Fonte,FUL,MID,44,0.0,0.0,0.0,0.0,0,0,0,0,0,0,0,0,0,0.2,0,0,0
Forster,SOU,GKP,43,0.0,0.0,0.0,0.0,0,0,0,0,0,0,0,0,0,0.7,0,0,0
Foster,WAT,GKP,45,30.0,227.4,0.0,25.8,14,0,0,0,0,0,28,0,0,4.2,1080,1,38
Fosu-Mensah,FUL,DEF,45,85.9,65.4,26.0,17.6,12,0,0,1,0,0,0,2,0,0.4,502,0,4
Foyth,TOT,DEF,50,1.8,62.8,33.0,9.8,2,1,0,0,0,0,0,1,0,0.4,180,3,15
Francis,BOU,DEF,44,94.2,196.4,26.0,31.6,11,0,1,0,0,0,0,0,0,0.4,732,0,28
Fraser,BOU,MID,62,452.4,343.0,251.0,104.7,15,3,6,0,0,0,0,1,0,26.1,1022,10,70
Fred,MUN,MID,55,118.0,101.0,61.0,28.1,10,1,0,0,0,0,0,1,0,1.5,482,3,20
Fredericks,WHU,DEF,46,37.2,46.4,10.0,9.5,8,0,0,0,0,0,0,2,0,0.2,287,0,2
Fuchs,LEI,DEF,42,0.0,0.0,0.0,0.0,0,0,0,0,0,0,0,0,0,0.4,0,0,0
Fabregas,CHE,MID,63,7.5,8.6,2.0,1.8,0,0,0,0,0,0,0,0,0,0.4,48,0,3
Gabbiadini,SOU,FWD,56,44.6,58.0,83.0,18.1,6,1,0,0,0,0,0,0,0,0.2,268,3,17
Gayle,NEW,FWD,60,0.0,0.0,0.0,0.0,0,0,0,0,0,0,0,0,0,0.1,0,0,0
Gazzaniga,TOT,GKP,45,0.0,55.6,0.0,5.5,1,0,0,0,0,0,8,0,0,0.0,180,0,10
Ghezzal,LEI,MID,52,207.0,85.0,89.0,38.0,8,1,0,0,0,0,0,2,0,0.2,400,2,18
Gibbs-White,WOL,MID,43,34.6,11.6,3.0,4.6,1,0,0,0,0,0,0,1,0,0.4,64,0,5
Gibson,BUR,DEF,48,0.0,0.0,0.0,0.0,0,0,0,0,0,0,0,0,0,0.1,0,0,0
Giroud,CHE,FWD,77,171.4,94.6,197.0,45.6,2,0,4,0,0,0,0,0,0,2.0,381,2,27
Gomes,WAT,GKP,43,0.0,0.0,0.0,0.0,0,0,0,0,0,0,0,0,0,0.3,0,0,0
Gomez,LIV,DEF,51,90.7,196.0,44.0,33.1,4,0,0,0,0,0,0,1,0,4.3,935,2,46
Gosling,BOU,MID,48,83.9,114.8,54.0,25.1,8,0,0,0,0,0,0,3,0,0.1,584,0,14
Grant,MUN,GKP,50,0.0,0.0,0.0,0.0,0,0,0,0,0,0,0,0,0,0.0,0,0,0
Gray,LEI,MID,54,85.5,133.0,175.0,39.3,8,2,1,0,0,0,0,1,0,1.4,619,2,33
Gray,WAT,FWD,60,81.1,126.8,279.0,48.4,9,3,0,0,0,0,0,1,0,1.0,649,2,32
Gross,BHA,MID,67,76.4,70.6,63.0,21.0,4,1,0,0,1,0,0,0,0,1.6,217,3,11
Guaita,CRY,GKP,43,0.0,0.0,0.0,0.0,0,0,0,0,0,0,0,0,0,0.1,0,0,0
Gudmundsson,BUR,MID,60,219.9,248.4,175.0,64.3,20,2,5,0,0,0,0,2,0,3.3,888,5,52
Guendouzi,ARS,MID,45,50.0,97.8,16.0,16.4,10,0,0,0,0,0,0,2,0,1.9,523,0,11
Gueye,EVE,MID,48,85.8,225.2,31.0,34.2,14,0,0,0,0,0,0,3,0,0.3,977,0,22
Gunn,SOU,GKP,43,0.0,0.0,0.0,0.0,0,0,0,0,0,0,0,0,0,0.2,0,0,0
Gunnarsson,CAR,MID,44,46.3,56.8,14.0,11.7,6,0,0,0,0,0,0,1,0,0.4,328,0,7
Gyokeres,BHA,FWD,45,0.0,0.0,0.0,0.0,0,0,0,0,0,0,0,0,0,0.0,0,0,0
Gundogan,MCI,MID,54,131.8,143.0,153.0,42.6,2,2,2,0,0,0,0,0,0,1.7,367,5,34
Hadergjonaj,HUD,DEF,44,127.6,88.4,31.0,24.5,14,0,0,0,0,0,0,1,0,0.1,748,0,22
Halford,CAR,DEF,40,0.0,0.0,0.0,0.0,0,0,0,0,0,0,0,0,0,0.0,0,0,0
Hamer,HUD,GKP,40,0.0,78.4,0.0,7.8,9,0,0,0,0,0,11,0,0,8.2,192,0,4
Harris,CAR,MID,45,37.6,47.6,44.0,12.9,3,1,1,0,0,0,0,0,0,0.0,126,0,13
Hart,BUR,GKP,45,0.0,407.6,0.0,40.7,25,0,0,0,0,1,54,0,0,8.9,1080,6,51
Hause,WOL,DEF,40,0.0,0.0,0.0,0.0,0,0,0,0,0,0,0,0,0,0.3,0,0,0
Hayden,NEW,MID,44,12.1,25.8,0.0,3.8,2,0,0,0,0,0,0,0,1,0.1,126,0,1
Hazard,CHE,MID,113,474.6,443.2,475.0,139.4,5,7,4,0,0,0,0,1,0,43.5,782,13,82
Heaton,BUR,GKP,48,0.0,0.0,0.0,0.0,0,0,0,0,0,0,0,0,0,0.1,0,0,0
Hemed,BHA,FWD,49,0.0,0.0,0.0,0.0,0,0,0,0,0,0,0,0,0,0.1,0,0,0
Henderson,LIV,MID,53,63.6,82.6,4.0,15.3,3,0,0,0,0,0,0,0,0,0.6,476,0,16
Hendrick,BUR,MID,53,51.5,72.0,139.0,26.2,18,1,0,0,0,0,0,2,0,0.1,575,0,19
Hennessey,CRY,GKP,45,0.0,275.4,0.0,27.7,17,0,0,0,0,1,33,0,0,5.9,1080,3,45
Herrera,MUN,MID,50,6.0,40.6,57.0,10.5,5,0,0,0,0,0,0,1,0,0.1,194,0,6
Hoedt,SOU,DEF,44,17.8,267.6,37.0,32.5,21,0,0,2,0,0,0,1,0,0.3,1080,3,29
Hogg,HUD,MID,44,88.4,130.4,20.0,23.8,11,0,1,0,0,0,0,0,1,0.3,692,3,21
Hoilett,CAR,MID,50,67.0,55.6,88.0,20.5,18,0,1,0,0,0,0,2,0,0.1,636,0,18
Holding,ARS,DEF,44,4.4,147.4,11.0,16.4,6,0,0,0,0,0,0,1,0,0.9,591,5,20
Holebas,WAT,DEF,48,320.6,296.6,61.0,67.9,14,2,4,0,0,0,0,6,0,12.2,893,6,44
Holgate,EVE,DEF,44,5.0,92.2,2.0,9.9,9,0,0,0,0,0,0,1,0,0.1,407,0,5
Hudson-Odoi,CHE,MID,42,0.0,0.0,0.0,0.0,0,0,0,0,0,0,0,0,0,1.7,0,0,0
Hughes,WAT,MID,50,170.8,164.4,199.0,53.5,13,1,1,0,0,0,0,3,0,1.4,935,2,33
Hugill,WHU,FWD,50,0.0,0.0,0.0,0.0,0,0,0,0,0,0,0,0,0,0.0,0,0,0
Hyndman,BOU,MID,45,0.0,0.0,0.0,0.0,0,0,0,0,0,0,0,0,0,0.0,0,0,0
Hojbjerg,SOU,MID,45,140.0,209.6,120.0,47.2,19,2,0,0,0,0,0,2,1,4.5,796,4,29
Ibe,BOU,MID,51,74.6,18.6,54.0,14.7,5,0,0,0,0,0,0,0,0,0.2,146,0,6
Iborra,LEI,MID,47,9.0,22.8,21.0,5.4,2,0,0,0,0,0,0,0,0,0.0,113,0,5
Iheanacho,LEI,FWD,59,148.4,114.0,146.0,40.5,8,1,4,0,0,0,0,1,0,1.5,604,3,36
Ince,HUD,MID,50,0.0,0.0,0.0,0.0,0,0,0,0,0,0,0,0,0,0.0,0,0,0
Ings,SOU,FWD,55,182.8,232.2,489.0,90.4,14,4,1,0,0,0,0,1,0,4.7,820,6,44
Iwobi,ARS,MID,55,115.0,130.8,132.0,37.6,8,1,3,0,0,0,0,0,0,1.2,480,0,27
Izquierdo,BHA,MID,59,8.7,38.0,83.0,13.0,4,0,1,0,0,0,0,0,0,0.1,337,0,15
Jach,CRY,DEF,40,0.0,0.0,0.0,0.0,0,0,0,0,0,0,0,0,0,0.0,0,0,0
Jagielka,EVE,DEF,43,0.0,1.2,0.0,0.1,2,0,0,0,0,0,0,0,1,0.5,53,0,-2
Jahanbakhsh,BHA,MID,67,58.7,44.0,73.0,17.5,4,0,0,0,0,0,0,2,0,0.7,437,0,15
Jakupovic,LEI,GKP,44,0.0,0.0,0.0,0.0,0,0,0,0,0,0,0,0,0,0.1,0,0,0
James,LEI,MID,44,0.0,0.0,0.0,0.0,0,0,0,0,0,0,0,0,0,0.0,0,0,0
Janmaat,WAT,DEF,49,93.5,125.8,30.0,25.1,6,0,1,0,0,0,0,2,0,0.3,521,4,20
Jazz Richards,CAR,DEF,39,1.5,12.2,0.0,1.5,4,0,0,0,0,0,0,0,0,0.7,97,0,1
Jesus,MCI,FWD,101,113.6,85.6,324.0,52.4,2,1,0,0,0,0,0,0,0,1.3,295,1,15
Jimenez,WOL,FWD,58,245.9,248.0,453.0,94.2,12,3,5,0,0,0,0,0,0,13.3,979,6,56
Johansen,FUL,MID,51,28.2,43.0,3.0,7.5,11,0,0,0,0,0,0,2,0,0.1,313,0,10
Jones,MUN,DEF,51,0.3,8.2,0.0,0.9,2,0,0,0,0,0,0,0,0,0.5,57,0,0
Jonny,WOL,DEF,45,180.8,213.2,159.0,55.5,13,1,1,0,0,0,0,2,0,2.7,1008,4,46
Jorginho,CHE,MID,50,242.0,247.8,45.0,53.4,8,1,0,0,0,0,0,1,0,8.9,1029,1,35
Joselu,NEW,FWD,49,29.3,107.4,215.0,35.0,9,2,0,0,0,0,0,1,0,3.4,436,3,22
Jota,WOL,MID,59,142.1,56.0,204.0,40.3,9,0,1,0,0,0,0,3,0,0.9,769,0,23
Kabasele,WAT,DEF,45,11.4,145.8,167.0,32.4,12,0,0,0,0,0,0,0,1,0.4,666,0,13
Kaboul,WAT,DEF,42,0.0,0.0,0.0,0.0,0,0,0,0,0,0,0,0,0,0.1,0,0,0
Kachunga,HUD,FWD,48,9.6,6.0,21.0,3.3,2,0,0,0,0,0,0,0,0,0.1,153,0,4
Kaikai,CRY,MID,43,0.0,0.0,0.0,0.0,0,0,0,0,0,0,0,0,0,0.2,0,0,0
Kamara,FUL,FWD,43,66.4,13.8,54.0,12.6,10,0,0,0,0,0,0,1,0,7.7,242,0,5
Kane,TOT,FWD,123,165.8,319.4,580.0,106.4,10,6,2,0,0,0,0,3,0,22.3,1071,10,61
Kante,CHE,MID,49,262.5,201.8,163.0,62.7,8,1,1,0,0,0,0,3,0,16.2,1080,0,35
Karius,LIV,GKP,49,0.0,0.0,0.0,0.0,0,0,0,0,0,0,0,0,0,0.1,0,0,0
Kayal,BHA,MID,44,51.7,173.2,29.0,25.4,10,1,1,0,0,0,0,4,0,1.1,597,0,22
Keane,EVE,DEF,50,60.3,256.0,158.0,47.7,11,1,2,0,0,0,0,0,0,3.4,900,9,49
Kebano,FUL,MID,44,0.0,0.0,0.0,0.0,0,0,0,0,0,0,0,0,0,0.1,0,0,0
Keita,LIV,MID,72,66.6,71.6,78.0,21.7,0,0,0,0,0,0,0,0,0,1.8,437,0,19
Kelly,CRY,DEF,39,4.9,61.2,0.0,6.6,5,0,0,0,0,0,0,0,0,6.0,210,0,3
Kenedy,NEW,MID,49,88.1,155.8,232.0,47.6,8,1,1,0,1,0,0,0,0,1.6,848,1,32
Kenny,EVE,DEF,43,35.1,69.4,7.0,11.1,6,0,1,0,0,0,0,0,0,0.2,360,0,13
Kepa,CHE,GKP,55,0.1,193.4,0.0,19.3,8,0,0,0,0,0,23,0,0,5.4,1080,1,51
Ki Sung-yueng,NEW,MID,47,76.5,57.0,18.0,15.2,5,0,1,0,0,0,0,0,0,0.1,323,0,11
Kiko Femenia,WAT,DEF,43,59.7,114.2,21.0,19.4,7,0,1,0,0,0,0,0,0,1.9,504,3,27
King,BOU,FWD,63,149.5,208.6,260.0,61.4,9,4,1,0,0,0,0,1,0,2.3,779,8,44
Klaassen,EVE,MID,60,0.0,0.0,0.0,0.0,0,0,0,0,0,0,0,0,0,0.0,0,0,0
Klavan,LIV,DEF,44,0.0,0.0,0.0,0.0,0,0,0,0,0,0,0,0,0,0.0,0,0,0
Knockaert,BHA,MID,55,235.5,192.8,181.0,61.0,16,1,3,0,0,0,0,3,0,1.0,803,1,33
Kolasinac,ARS,DEF,49,26.6,13.8,8.0,4.7,2,0,0,0,0,0,0,0,0,0.3,155,0,4
Kompany,MCI,DEF,52,22.0,80.0,8.0,11.1,2,0,0,0,0,0,0,2,0,1.3,294,0,11
Kongolo,HUD,DEF,43,44.2,122.2,12.0,17.9,15,0,0,1,0,0,0,2,0,0.1,728,0,16
Koscielny,ARS,DEF,54,0.0,0.0,0.0,0.0,0,0,0,0,0,0,0,0,0,0.1,0,0,0
Kouyate,CRY,MID,47,58.1,87.0,62.0,20.5,10,0,1,0,0,0,0,2,0,0.3,553,0,19
Kovacic,CHE,MID,59,192.3,113.8,178.0,48.5,2,0,1,0,0,0,0,1,0,0.8,577,1,24
Lacazette,ARS,FWD,97,184.1,284.6,458.0,92.3,11,5,4,0,0,0,0,1,0,12.4,895,8,60
Lallana,LIV,MID,69,29.0,17.6,46.0,9.2,0,0,0,0,0,0,0,1,0,0.7,131,0,6
Lamela,TOT,MID,65,120.1,183.8,232.0,53.4,4,4,1,0,0,0,0,0,0,1.5,424,4,41
Lanzini,WHU,MID,64,0.0,0.0,0.0,0.0,0,0,0,0,0,0,0,0,0,0.0,0,0,0
Laporte,MCI,DEF,60,59.9,241.4,123.0,42.5,5,1,0,0,0,0,0,1,0,14.2,1080,1,58
Lascelles,NEW,DEF,47,14.1,211.4,60.0,28.7,10,0,0,0,0,0,0,0,0,3.5,810,5,31
Le Marchand,FUL,DEF,42,21.1,185.2,40.0,24.8,22,0,0,0,0,0,0,1,0,0.2,779,1,8
Lejeune,NEW,DEF,44,0.0,0.0,0.0,0.0,0,0,0,0,0,0,0,0,0,0.0,0,0,0
Lemina,SOU,MID,49,109.4,183.2,137.0,43.0,21,0,1,0,0,0,0,4,0,0.2,1055,0,27
Lennon,BUR,MID,50,86.4,124.2,104.0,31.3,17,1,1,0,0,0,0,1,0,1.0,952,2,34
Leno,ARS,GKP,48,0.0,128.0,0.0,12.8,6,0,0,0,0,0,16,0,0,1.7,495,1,15
Lerma,BOU,MID,45,46.0,176.8,82.0,30.5,11,1,1,0,0,0,0,4,0,0.5,749,3,28
Lewis Cook,BOU,MID,48,43.0,57.8,34.0,13.6,6,0,0,0,0,0,0,1,0,0.2,522,0,18
Lichtsteiner,ARS,DEF,46,18.7,13.4,3.0,3.5,3,0,0,0,0,0,0,1,0,0.9,160,0,3
Lindegaard,BUR,GKP,44,0.0,0.0,0.0,0.0,0,0,0,0,0,0,0,0,0,0.1,0,0,0
Lindelof,MUN,DEF,48,4.9,172.0,9.0,18.7,16,0,0,1,0,0,0,0,0,1.1,898,0,18
Lingard,MUN,MID,67,96.4,35.6,122.0,25.5,7,0,0,0,0,0,0,0,0,2.0,423,0,13
Llorente,TOT,FWD,56,1.9,0.0,6.0,0.6,0,0,0,0,0,0,0,0,0,0.2,13,0,2
Lloris,TOT,GKP,54,0.0,239.4,0.0,24.0,5,0,0,0,0,0,30,0,0,4.2,720,5,42
Locadia,BHA,FWD,53,37.6,9.0,82.0,12.5,3,0,0,0,0,0,0,1,0,0.1,207,0,9
Loftus-Cheek,CHE,MID,52,28.3,47.6,47.0,12.3,0,1,0,0,0,0,0,0,0,0.5,93,0,10
Long,BUR,DEF,42,0.1,50.6,2.0,5.3,1,0,0,0,0,0,0,0,0,0.4,153,0,8
Long,SOU,FWD,48,69.8,45.6,155.0,27.2,12,0,0,0,0,0,0,0,0,1.1,457,0,14
Longstaff,NEW,MID,45,0.0,0.0,0.0,0.0,0,0,0,0,0,0,0,0,0,0.0,0,0,0
Lookman,EVE,MID,51,21.0,31.8,11.0,6.5,0,0,1,0,0,0,0,0,0,0.1,130,0,9
Lovren,LIV,DEF,49,5.3,75.6,6.0,8.7,1,0,0,0,0,0,0,0,0,2.1,270,6,20
Lowton,BUR,DEF,47,68.8,162.2,27.0,25.9,22,0,0,0,0,0,0,4,0,0.3,900,0,19
Lucas,WHU,FWD,62,31.0,10.4,16.0,5.7,2,0,0,0,0,0,0,0,0,0.1,85,0,4
Lucas Moura,TOT,MID,72,231.8,251.2,300.0,78.4,9,4,1,0,0,0,0,2,0,12.8,1002,5,56
Lukaku,MUN,FWD,107,145.3,181.6,377.0,70.4,18,4,1,0,0,0,0,1,0,4.5,801,5,42
Lossl,HUD,GKP,44,20.0,207.0,0.0,22.6,13,0,0,0,0,0,22,0,0,1.5,887,2,31
Lowe,HUD,DEF,44,190.3,178.8,50.0,41.9,20,0,2,0,0,0,0,0,0,0.1,919,6,30
Maddison,LEI,MID,68,405.8,261.6,218.0,88.6,15,3,2,0,0,0,0,0,0,6.1,884,3,49
Madine,CAR,FWD,44,1.5,2.0,8.0,1.0,3,0,0,0,0,0,0,0,0,1.1,32,0,5
Maguire,LEI,DEF,55,35.5,307.2,235.0,57.8,16,2,1,0,0,0,0,3,0,11.0,926,6,41
Mahrez,MCI,MID,86,197.4,213.6,302.0,71.3,2,4,1,0,1,0,0,0,0,3.5,560,6,46
Maitland-Niles,ARS,MID,44,10.3,10.8,0.0,2.1,1,0,0,0,0,0,0,0,0,0.3,34,0,1
Malone,HUD,DEF,40,0.0,0.0,0.0,0.0,0,0,0,0,0,0,0,0,0,1.6,0,0,0
Manquillo,NEW,DEF,44,2.1,23.8,0.0,2.6,3,0,0,0,0,0,0,1,0,0.1,145,0,2
Mane,LIV,MID,99,183.7,292.4,386.0,86.2,5,6,0,0,0,0,0,1,0,34.6,970,11,68
March,BHA,MID,50,190.9,139.6,109.0,44.1,15,0,3,0,0,0,0,0,0,0.3,900,1,36
Mariappa,WAT,DEF,42,11.4,71.8,28.0,11.1,2,0,0,0,0,0,0,0,0,0.3,396,0,18
Martial,MUN,MID,76,170.4,260.6,279.0,70.9,13,6,1,0,0,0,0,1,0,12.9,618,11,58
Martina,EVE,DEF,45,0.0,0.0,0.0,0.0,0,0,0,0,0,0,0,0,0,0.0,0,0,0
Martinez,ARS,GKP,40,0.0,0.0,0.0,0.0,0,0,0,0,0,0,0,0,0,0.2,0,0,0
Masina,WAT,DEF,43,23.2,59.0,2.0,8.4,0,0,1,0,0,0,0,1,0,0.1,186,1,16
Masuaku,WHU,MID,44,55.0,181.6,14.0,25.1,13,0,0,0,0,0,0,1,0,1.7,720,0,16
Mata,MUN,MID,62,128.3,86.0,87.0,30.2,9,1,1,0,0,0,0,1,0,1.2,482,2,23
Matic,MUN,MID,50,92.3,118.0,84.0,29.4,15,0,0,0,0,0,0,2,1,0.6,780,0,14
Matip,LIV,DEF,49,5.1,57.4,17.0,7.9,1,1,0,0,0,0,0,0,0,0.2,94,3,19
Mavropanos,ARS,DEF,47,0.0,0.0,0.0,0.0,0,0,0,0,0,0,0,0,0,0.1,0,0,0
Mawson,FUL,DEF,49,11.4,102.0,17.0,13.0,10,0,0,0,0,0,0,1,0,0.1,360,0,3
Mbemba,NEW,DEF,40,0.0,0.0,0.0,0.0,0,0,0,0,0,0,0,0,0,0.1,0,0,0
Mbenza,HUD,MID,59,18.0,19.4,62.0,9.7,3,0,0,0,0,0,0,1,0,0.0,193,0,8
McArthur,CRY,MID,47,153.1,127.0,98.0,37.7,16,0,1,0,0,0,0,2,0,0.8,974,0,28
McCarthy,EVE,MID,44,0.0,0.0,0.0,0.0,0,0,0,0,0,0,0,0,0,0.0,0,0,0
McCarthy,SOU,GKP,45,0.0,297.8,0.0,29.9,21,0,0,0,0,0,40,1,0,3.5,1080,5,45
McDonald,FUL,MID,43,65.6,65.8,15.0,14.7,20,0,0,0,0,0,0,2,1,0.3,614,0,10
McNeil,BUR,MID,45,38.6,12.8,11.0,6.2,2,0,0,0,0,0,0,1,0,0.0,79,0,1
McQueen,SOU,DEF,40,0.0,0.0,0.0,0.0,0,0,0,0,0,0,0,0,0,0.6,0,0,0
McTominay,MUN,MID,43,4.0,23.0,13.0,4.0,6,0,0,0,0,0,0,0,0,0.7,155,0,5
Medley,ARS,DEF,40,0.0,0.0,0.0,0.0,0,0,0,0,0,0,0,0,0,0.0,0,0,0
Mee,BUR,DEF,48,26.0,319.6,53.0,39.8,25,0,1,0,0,0,0,1,0,2.3,1080,2,30
Mendez-Laing,CAR,MID,48,1.4,8.0,34.0,4.4,1,0,0,0,0,0,0,0,0,0.0,83,0,4
Mendy,MCI,DEF,63,213.3,231.2,63.0,50.6,5,0,6,0,0,0,0,1,0,13.5,810,6,57
Mendy,LEI,MID,45,41.4,101.4,20.0,16.4,13,0,1,0,0,0,0,1,0,1.2,900,0,26
Merino,NEW,MID,50,0.0,0.0,0.0,0.0,0,0,0,0,0,0,0,0,0,0.0,0,0,0
Meyer,CRY,MID,56,70.1,60.6,123.0,25.1,7,0,1,0,0,0,0,1,0,0.2,338,0,14
Mignolet,LIV,GKP,48,0.0,0.0,0.0,0.0,0,0,0,0,0,0,0,0,0,0.1,0,0,0
Milivojevic,CRY,MID,60,236.8,294.6,142.0,67.3,17,2,0,0,1,0,0,2,0,2.6,1080,3,36
Milner,LIV,MID,56,277.1,258.2,116.0,65.4,5,2,2,0,0,0,0,2,0,4.9,778,6,44
Mina,EVE,DEF,54,0.3,8.6,0.0,0.9,0,0,0,0,0,0,0,1,0,0.6,91,0,6
Mings,BOU,DEF,43,0.0,0.0,0.0,0.0,0,0,0,0,0,0,0,0,0,0.1,0,0,0
Mir,WOL,FWD,45,0.0,0.0,0.0,0.0,0,0,0,0,0,0,0,0,0,0.1,0,0,0
Mirallas,EVE,MID,55,0.0,0.0,0.0,0.0,0,0,0,0,0,0,0,0,0,0.0,0,0,0
Miranda,WOL,DEF,40,0.0,0.0,0.0,0.0,0,0,0,0,0,0,0,0,0,0.1,0,0,0
Mitrovic,FUL,FWD,66,121.7,252.0,512.0,88.7,31,5,2,0,0,0,0,4,0,16.8,1080,5,51
Mkhitaryan,ARS,MID,67,127.1,136.4,194.0,45.8,10,2,1,0,0,0,0,0,0,5.3,523,4,32
Monreal,ARS,DEF,55,75.1,149.2,161.0,38.5,8,1,1,0,0,0,0,1,0,1.1,630,2,30
Montoya,BHA,DEF,43,84.4,123.6,23.0,23.1,13,0,0,0,0,0,0,1,0,0.1,630,0,7
Mooy,HUD,MID,51,284.8,167.4,145.0,59.8,16,0,0,0,0,0,0,1,0,1.4,990,0,23
Morata,CHE,FWD,87,97.8,202.6,433.0,73.2,6,5,0,0,0,0,0,2,0,3.0,691,3,40
Moreno,LIV,DEF,42,39.3,16.6,5.0,6.1,1,0,0,0,0,0,0,0,0,0.3,90,0,2
Morgan,LEI,DEF,45,13.6,133.2,52.0,19.9,11,0,0,0,0,0,0,1,2,0.8,670,2,18
Morrison,CAR,DEF,47,117.0,239.8,153.0,51.0,25,0,2,0,0,0,0,1,0,0.3,1059,0,27
Moses,CHE,DEF,56,12.7,1.2,6.0,2.0,1,0,0,0,0,0,0,0,0,1.6,26,0,2
Mounie,HUD,FWD,58,122.7,71.0,288.0,47.4,12,0,1,0,0,0,0,0,0,0.2,658,0,20
Mousset,BOU,FWD,49,0.9,0.4,2.0,0.3,3,0,0,0,0,0,0,0,0,0.2,17,0,4
Moutinho,WOL,MID,54,381.9,261.4,41.0,68.5,13,1,1,0,0,0,0,1,0,3.1,1034,4,39
Muric,MCI,GKP,45,0.0,0.0,0.0,0.0,0,0,0,0,0,0,0,0,0,0.0,0,0,0
Murphy,NEW,MID,48,15.7,25.0,22.0,6.3,6,0,0,0,0,0,0,0,0,0.0,216,0,9
Murphy,CAR,MID,48,87.0,109.6,237.0,42.7,11,2,0,0,0,0,0,0,0,0.6,698,1,31
Murray,BHA,FWD,67,84.6,218.2,288.0,58.3,14,6,0,0,0,0,0,2,0,5.6,904,7,51
Mustafi,ARS,DEF,54,36.7,339.2,107.0,48.4,15,1,0,0,0,0,0,2,0,1.4,1080,1,33
Muto,NEW,FWD,57,44.2,51.8,115.0,20.6,5,1,0,0,0,0,0,0,0,0.1,360,0,17
Navarro,WAT,DEF,43,5.3,15.0,2.0,2.2,2,0,0,0,0,0,0,0,0,0.1,83,0,1
Ndidi,LEI,MID,49,154.6,239.0,133.0,52.7,16,1,0,0,0,0,0,2,0,1.1,1080,3,34
Nelson,ARS,MID,44,0.0,0.0,0.0,0.0,0,0,0,0,0,0,0,0,0,0.5,0,0,0
Neves,WOL,MID,50,196.8,272.4,164.0,63.3,13,2,1,0,0,0,0,3,0,17.7,1080,2,40
Niasse,EVE,FWD,51,13.1,2.8,16.0,2.9,0,0,0,0,0,0,0,0,0,0.3,48,0,4
Nketiah,ARS,FWD,50,0.0,0.0,0.0,0.0,0,0,0,0,0,0,0,0,0,0.0,0,0,0
Nkoudou,TOT,MID,48,0.0,0.0,0.0,0.0,0,0,0,0,0,0,0,0,0,0.0,0,0,0
Noble,WHU,MID,49,106.2,95.4,41.0,24.2,11,0,2,0,0,0,0,2,1,0.3,600,0,17
Norris,WOL,GKP,40,0.0,0.0,0.0,0.0,0,0,0,0,0,0,0,0,0,2.2,0,0,0
Obafemi,SOU,FWD,50,14.8,4.2,0.0,1.9,1,0,0,0,0,0,0,0,0,0.0,18,0,2
Obiang,WHU,MID,44,44.3,66.8,77.0,18.7,6,0,1,0,0,0,0,0,0,1.1,478,1,17
Odoi,FUL,DEF,44,48.9,202.4,10.0,26.2,25,0,0,0,0,0,0,1,0,0.1,855,0,8
Ogbonna,WHU,DEF,42,14.1,47.8,10.0,7.0,7,0,0,0,0,0,0,1,0,0.4,190,0,2
Okaka,WAT,FWD,50,1.5,0.0,4.0,0.4,0,0,0,0,0,0,0,1,0,0.1,13,0,0
Okazaki,LEI,FWD,52,7.4,11.4,36.0,5.3,0,0,0,0,0,0,0,0,0,0.6,56,0,7
Origi,LIV,FWD,50,0.0,0.0,0.0,0.0,0,0,0,0,0,0,0,0,0,0.0,0,0,0
Oriol Romeu,SOU,MID,43,20.2,52.8,18.0,9.2,8,0,0,0,0,0,0,3,0,1.9,360,0,9
Otamendi,MCI,DEF,61,7.4,57.8,46.0,11.1,0,0,0,0,0,0,0,0,0,2.6,270,0,18
Oxford,WHU,DEF,43,0.0,0.0,0.0,0.0,0,0,0,0,0,0,0,0,0,0.1,0,0,0
Paterson,CAR,MID,52,140.4,154.4,307.0,60.3,14,3,1,0,0,0,0,1,0,1.0,695,3,39
Patricio,WOL,GKP,46,0.0,247.6,0.0,24.7,13,0,0,0,0,0,37,0,0,10.1,1080,4,48
Pedro,CHE,MID,63,153.5,207.8,218.0,57.5,4,4,1,0,0,0,0,0,0,4.1,503,4,44
Peltier,CAR,DEF,38,6.5,20.6,0.0,2.7,5,0,0,0,0,0,0,1,0,2.3,160,0,1
Pereira,LEI,DEF,50,120.7,216.2,133.0,46.9,14,1,3,0,0,0,0,2,0,5.7,873,6,49
Pereira,MUN,MID,46,7.6,30.4,16.0,5.4,5,0,0,0,0,0,0,2,0,0.2,156,0,3
Pereyra,WAT,MID,64,170.7,233.0,308.0,71.2,14,5,0,0,0,0,0,1,0,18.9,1035,8,59
Pickford,EVE,GKP,49,0.0,292.4,0.0,29.2,15,0,0,0,0,2,36,1,0,15.3,1080,7,55
Pilkington,CAR,MID,44,0.0,0.0,0.0,0.0,0,0,0,0,0,0,0,0,0,0.1,0,0,0
Pogba,MUN,MID,80,257.0,343.6,439.0,104.2,16,3,3,0,2,0,0,1,0,11.3,962,3,46
Pope,BUR,GKP,49,0.0,0.0,0.0,0.0,0,0,0,0,0,0,0,0,0,0.2,0,0,0
Powell,WHU,MID,45,0.0,0.0,0.0,0.0,0,0,0,0,0,0,0,0,0,0.0,0,0,0
Pritchard,HUD,MID,48,57.9,86.2,145.0,29.0,14,1,0,0,0,0,0,0,0,0.1,629,0,23
Prodl,WAT,DEF,42,0.0,0.0,0.0,0.0,0,0,0,0,0,0,0,0,0,0.1,13,0,1
Propper,BHA,MID,48,27.8,77.2,17.0,12.3,13,0,0,0,0,0,0,1,0,0.1,692,0,16
Pugh,BOU,MID,43,0.0,0.0,0.0,0.0,0,0,0,0,0,0,0,0,0,0.4,0,0,0
Puncheon,CRY,MID,43,0.0,0.0,0.0,0.0,0,0,0,0,0,0,0,0,0,0.7,2,0,1
Perez,NEW,FWD,61,184.2,158.6,200.0,54.2,13,1,1,0,0,0,0,0,0,1.2,869,3,32
Quaner,HUD,FWD,43,0.0,0.0,0.0,0.0,0,0,0,0,0,0,0,0,0,3.5,0,0,0
Quina,WAT,MID,44,0.0,0.0,0.0,0.0,0,0,0,0,0,0,0,0,0,0.1,0,0,0
Ralls,CAR,MID,47,138.6,114.8,73.0,32.4,18,0,0,0,0,0,0,1,1,0.1,750,0,15
Ramsey,ARS,MID,74,197.3,186.0,175.0,55.9,6,1,4,0,0,0,0,0,0,1.3,552,1,38
Rashford,MUN,FWD,67,83.1,120.0,133.0,33.4,6,2,1,0,0,0,0,1,1,4.8,474,1,22
Ream,FUL,DEF,43,3.2,57.2,0.0,6.1,12,0,0,0,0,0,0,0,0,0.1,323,0,2
Redmond,SOU,MID,53,259.3,140.0,231.0,62.9,20,0,0,0,0,0,0,0,0,0.3,1061,0,28
Reid,CAR,FWD,52,106.4,93.6,168.0,36.6,16,1,1,0,0,0,0,0,0,0.7,621,3,28
Reid,WHU,DEF,44,0.0,0.0,0.0,0.0,0,0,0,0,0,0,0,0,0,0.0,0,0,0
Rice,WHU,DEF,44,47.5,147.6,20.0,21.4,10,0,0,0,0,0,0,1,0,0.3,765,0,18
Richarlison,EVE,MID,70,110.0,285.4,352.0,74.3,11,6,1,0,0,0,0,1,1,29.3,835,8,59
Rico,BOU,DEF,42,61.1,46.0,16.0,12.3,6,0,0,0,0,0,0,0,0,0.0,225,0,2
Rico,FUL,GKP,44,0.0,62.0,0.0,6.1,6,0,0,0,0,0,9,0,0,0.2,270,0,5
Riedewald,CRY,DEF,44,0.0,0.0,0.0,0.0,0,0,0,0,0,0,0,0,0,0.1,0,0,0
Ritchie,NEW,MID,58,204.9,115.2,171.0,49.0,12,0,1,0,0,0,0,3,0,0.5,874,0,26
Robertson,LIV,DEF,65,204.6,230.8,116.0,55.3,4,0,3,0,0,0,0,0,0,33.1,990,12,71
Rojo,MUN,DEF,49,0.0,0.0,0.0,0.0,0,0,0,0,0,0,0,0,0,0.1,0,0,0
Romero,MUN,GKP,50,0.0,0.0,0.0,0.0,0,0,0,0,0,0,0,0,0,0.1,0,0,0
Rondon,NEW,FWD,57,17.3,101.6,175.0,29.0,3,2,1,0,0,0,0,1,0,1.1,410,3,24
Rose,TOT,DEF,58,72.6,81.4,44.0,19.7,3,0,2,0,0,0,0,2,0,0.8,439,2,28
Ruddy,WOL,GKP,43,0.0,0.0,0.0,0.0,0,0,0,0,0,0,0,0,0,0.3,0,0,0
Ryan,BHA,GKP,46,0.0,320.2,0.0,32.0,18,0,0,0,0,0,46,0,0,6.2,1080,7,48
Rudiger,CHE,DEF,60,81.2,243.0,185.0,51.1,8,1,1,0,0,0,0,2,0,5.0,1058,5,58
Sabiri,HUD,MID,43,0.5,4.2,2.0,0.7,3,0,0,0,0,0,0,0,0,0.1,45,0,1
Sakho,CRY,DEF,50,47.7,227.6,13.0,28.9,17,0,0,0,0,0,0,1,0,1.3,1080,5,33
Sako,CRY,MID,50,0.0,0.0,0.0,0.0,0,0,0,0,0,0,0,0,0,0.0,0,0,0
Salah,LIV,MID,130,335.6,361.4,747.0,144.6,5,6,4,0,0,0,0,0,0,36.2,1031,2,75
Sandro,EVE,FWD,54,0.0,0.0,0.0,0.0,0,0,0,0,0,0,0,0,0,0.1,0,0,0
Sane,MCI,MID,92,197.5,205.8,339.0,74.3,1,3,5,0,0,0,0,1,0,4.5,502,2,50
Saiss,WOL,DEF,42,0.0,13.0,0.0,1.3,0,0,0,0,0,0,0,0,0,0.1,16,0,2
Schelotto,BHA,DEF,39,0.0,0.0,0.0,0.0,0,0,0,0,0,0,0,0,0,1.6,0,0,0
Schindler,HUD,DEF,43,23.9,226.0,54.0,30.4,22,1,1,0,0,0,0,2,0,2.1,1060,5,37
Schlupp,CRY,DEF,45,59.9,92.4,124.0,27.8,8,1,0,0,0,0,0,1,0,2.2,539,0,23
Schmeichel,LEI,GKP,50,0.0,242.6,4.0,24.6,16,0,0,0,0,0,29,1,0,5.1,1080,2,40
Schneiderlin,EVE,MID,43,54.8,55.4,2.0,11.2,5,0,1,0,0,0,0,1,0,1.5,248,0,10
Schofield,HUD,GKP,40,0.0,0.0,0.0,0.0,0,0,0,0,0,0,0,0,0,0.1,0,0,0
Schar,NEW,DEF,46,11.6,68.6,8.0,8.9,2,0,0,0,0,0,0,3,0,0.1,213,0,2
Schurrle,FUL,MID,59,186.3,225.2,298.0,70.6,27,4,0,0,0,0,0,2,0,4.9,943,0,41
Sema,WAT,MID,47,2.0,11.6,20.0,3.2,1,0,0,0,0,0,0,0,0,0.1,74,0,5
Seri,FUL,MID,53,383.7,249.6,33.0,66.8,25,1,2,0,0,0,0,0,0,2.5,922,6,38
Sessegnon,FUL,MID,60,142.6,166.4,182.0,49.3,28,1,1,0,0,0,0,0,0,2.5,917,1,31
Shaqiri,LIV,MID,70,120.4,137.4,112.0,37.0,2,2,4,0,0,0,0,0,0,2.8,305,0,34
Shaw,MUN,DEF,50,185.2,249.0,131.0,56.6,20,1,2,0,0,0,0,5,0,6.3,990,3,30
Shelvey,NEW,MID,53,254.9,152.4,104.0,51.2,8,0,1,0,0,0,0,0,0,0.5,680,0,21
Sigurdsson,EVE,MID,75,447.7,351.8,295.0,109.4,13,5,2,0,1,0,0,1,0,6.6,1002,7,61
Silva,LEI,MID,48,6.3,14.2,0.0,2.1,1,0,0,0,0,0,0,0,0,0.2,87,0,3
Simpson,BOU,DEF,39,0.0,0.0,0.0,0.0,0,0,0,0,0,0,0,0,0,4.3,0,0,0
Simpson,LEI,DEF,42,0.0,4.4,0.0,0.4,0,0,0,0,0,0,0,0,0,0.2,20,0,1
Sims,SOU,MID,45,0.0,0.0,0.0,0.0,0,0,0,0,0,0,0,0,0,0.0,0,0,0
Sinclair,WAT,FWD,45,0.0,0.0,0.0,0.0,0,0,0,0,0,0,0,0,0,0.1,0,0,0
Sissoko,TOT,MID,49,103.0,96.2,63.0,26.2,4,0,1,0,0,0,0,0,0,0.2,533,2,21
Skipp,TOT,MID,45,0.0,0.0,0.0,0.0,0,0,0,0,0,0,0,0,0,0.0,0,0,0
Smalling,MUN,DEF,57,15.1,208.4,87.0,31.1,17,1,0,0,0,0,0,1,0,1.8,900,3,27
Smith,HUD,DEF,44,4.3,17.4,2.0,2.4,6,0,0,0,0,0,0,0,0,0.1,90,0,-1
Smith-Rowe,ARS,MID,45,0.0,0.0,0.0,0.0,0,0,0,0,0,0,0,0,0,0.0,0,0,0
Smithies,CAR,GKP,43,0.0,0.0,0.0,0.0,0,0,0,0,0,0,0,0,0,0.1,0,0,0
Snodgrass,WHU,MID,53,226.0,98.0,105.0,42.6,11,0,0,0,0,0,0,5,0,0.1,649,0,13
Sobhi,HUD,MID,48,18.4,3.8,2.0,2.4,2,0,0,0,0,0,0,0,0,0.1,33,0,2
Sokratis,ARS,DEF,51,12.1,92.2,6.0,11.1,9,0,0,0,0,0,0,3,0,1.1,488,0,5
Solanke,LIV,FWD,47,0.0,0.0,0.0,0.0,0,0,0,0,0,0,0,0,0,0.3,0,0,0
Son,TOT,MID,83,70.8,53.2,106.0,22.9,0,0,1,0,0,0,0,0,0,1.4,324,0,16
Souare,CRY,DEF,43,0.1,1.0,0.0,0.1,0,0,0,0,0,0,0,0,0,0.1,1,0,1
Speroni,CRY,GKP,40,0.0,0.0,0.0,0.0,0,0,0,0,0,0,0,0,0,9.9,0,0,0
Stanislas,BOU,MID,60,78.1,72.2,65.0,21.5,3,1,1,0,0,0,0,1,0,0.1,177,3,17
Stankovic,HUD,DEF,39,0.3,49.6,34.0,8.4,6,1,0,0,0,0,0,0,0,3.6,90,0,5
Steele,BHA,GKP,40,0.0,0.0,0.0,0.0,0,0,0,0,0,0,0,0,0,1.4,0,0,0
Stekelenburg,EVE,GKP,40,0.0,0.0,0.0,0.0,0,0,0,0,0,0,0,0,0,3.8,0,0,0
Stephens,BHA,MID,44,33.9,127.0,11.0,17.2,14,0,0,0,0,0,0,3,1,4.3,773,0,14
Stephens,SOU,DEF,43,44.3,92.8,77.0,21.4,8,0,0,0,0,0,0,1,0,0.2,450,1,18
Sterling,MCI,MID,112,341.7,384.6,559.0,128.7,4,6,5,0,0,0,0,1,0,10.1,858,9,79
Sterry,NEW,DEF,40,0.0,0.0,0.0,0.0,0,0,0,0,0,0,0,0,0,0.1,0,0,0
Steve Cook,BOU,DEF,46,24.7,342.0,114.0,48.1,16,1,1,0,0,0,0,1,0,8.6,1080,3,44
Steven Sessegnon,FUL,DEF,40,0.0,0.0,0.0,0.0,0,0,0,0,0,0,0,0,0,0.1,0,0,0
Stones,MCI,DEF,53,51.1,150.4,14.0,21.6,4,0,0,0,0,0,0,0,0,7.0,713,5,38
Sturridge,LIV,FWD,58,42.3,81.0,101.0,22.3,1,2,0,0,0,0,0,1,0,1.1,133,2,17
Success,WAT,FWD,46,144.3,82.2,190.0,41.6,4,1,0,0,0,0,0,1,0,3.7,433,0,19
Surman,BOU,MID,47,55.7,47.4,15.0,11.8,8,0,0,0,0,0,0,1,0,0.2,358,0,10
Suttner,BHA,DEF,38,0.0,0.0,0.0,0.0,0,0,0,0,0,0,0,0,0,4.9,0,0,0
Sanchez,MUN,MID,100,184.3,136.8,219.0,54.0,7,1,3,0,0,0,0,2,0,1.4,452,1,28
Sanchez,TOT,DEF,58,14.4,162.6,63.0,24.0,5,0,2,0,0,0,0,1,0,1.8,613,4,35
Soyuncu,LEI,DEF,49,1.1,3.2,0.0,0.4,1,0,0,0,0,0,0,1,0,0.0,80,0,2
Sorloth,CRY,FWD,48,25.2,13.6,43.0,7.8,3,0,0,0,0,0,0,0,0,0.2,127,0,9
Targett,SOU,DEF,42,50.6,31.4,4.0,8.6,3,0,1,0,0,0,0,0,0,0.1,71,0,4
Tarkowski,BUR,DEF,48,15.9,371.8,94.0,48.3,24,2,0,0,0,0,0,3,0,4.8,926,1,29
Taylor,BUR,DEF,44,89.7,198.2,13.0,30.2,21,0,0,0,0,0,0,1,0,0.3,900,1,22
Tomkins,CRY,DEF,43,24.4,160.2,61.0,24.7,12,0,0,0,0,0,0,3,0,2.9,869,0,23
Torreira,ARS,MID,49,60.8,152.2,31.0,24.5,8,0,2,0,0,0,0,2,0,1.7,794,1,26
Tosun,EVE,FWD,66,85.2,128.4,202.0,41.1,9,2,2,0,0,0,0,1,0,1.9,502,0,28
Townsend,CRY,MID,57,271.9,194.8,219.0,68.7,15,1,0,0,0,0,0,1,0,1.0,1046,0,31
Traore,WOL,MID,53,127.1,118.8,118.0,36.4,2,1,0,0,0,0,0,1,0,0.4,269,2,18
Trippier,TOT,DEF,62,324.6,269.6,53.0,64.7,9,1,4,0,0,0,0,1,0,27.3,908,8,59
Valencia,MUN,DEF,64,96.1,52.0,3.0,15.1,5,0,0,0,0,0,0,2,0,0.7,360,1,10
Vardy,LEI,FWD,90,97.2,144.6,333.0,57.3,11,3,1,0,0,0,0,0,1,4.6,743,5,35
Vertonghen,TOT,DEF,59,33.1,193.4,55.0,28.1,7,1,0,0,0,0,0,0,0,4.4,585,3,24
Vestergaard,SOU,DEF,47,20.1,132.2,27.0,17.9,9,0,0,0,0,0,0,1,0,0.3,540,0,15
Vietto,FUL,FWD,55,188.6,122.0,117.0,42.7,15,0,4,0,0,0,0,1,0,0.7,550,3,30
Vinagre,WOL,DEF,43,31.9,12.8,2.0,4.6,0,0,0,0,0,0,0,0,0,0.1,67,0,4
Vlasic,EVE,MID,50,0.0,0.0,0.0,0.0,0,0,0,0,0,0,0,0,0,0.0,0,0,0
Vokes,BUR,FWD,53,79.7,110.4,209.0,39.0,11,2,0,0,0,0,0,0,0,1.5,678,5,32
Vorm,TOT,GKP,48,0.0,66.8,0.0,6.6,4,0,0,0,0,0,9,0,0,0.1,180,1,5
Vydra,BUR,FWD,58,20.7,44.2,50.0,11.5,4,1,0,0,0,0,0,0,0,0.0,242,0,12
Walcott,EVE,MID,63,162.6,201.6,268.0,63.3,15,2,2,0,0,0,0,0,0,4.8,979,3,45
Walker,MCI,DEF,65,135.4,180.4,56.0,37.2,4,1,0,0,0,0,0,0,0,13.8,900,4,54
Walker-Peters,TOT,DEF,42,0.0,0.0,0.0,0.0,0,0,0,0,0,0,0,0,0,0.3,0,0,0
Walters,BUR,MID,48,0.0,0.0,0.0,0.0,0,0,0,0,0,0,0,0,0,0.0,0,0,0
Wan-Bissaka,CRY,DEF,42,99.4,286.0,33.0,42.0,15,0,1,0,0,0,0,1,1,26.6,974,9,36
Wanyama,TOT,MID,49,7.3,23.0,21.0,5.1,0,0,0,0,0,0,0,0,0,0.0,147,0,6
Ward,LEI,GKP,44,0.0,0.0,0.0,0.0,0,0,0,0,0,0,0,0,0,0.2,0,0,0
Ward,BUR,DEF,47,17.2,48.4,19.0,8.5,6,0,0,0,0,0,0,1,0,0.6,228,0,7
Ward,CRY,DEF,43,3.1,29.8,4.0,3.7,3,0,0,0,0,0,0,0,0,0.2,101,0,2
Ward,CAR,MID,44,56.4,60.0,63.0,17.8,9,1,0,0,0,0,0,0,0,0.4,316,0,16
Ward-Prowse,SOU,MID,51,118.6,45.2,28.0,19.1,9,0,0,0,0,0,0,1,0,0.2,197,0,6
Welbeck,ARS,FWD,65,56.8,73.6,66.0,19.5,3,1,1,0,0,0,0,0,0,0.6,146,3,19
Wells,BUR,FWD,45,0.0,0.0,0.0,0.0,0,0,0,0,0,0,0,0,0,1.0,0,0,0
Westwood,BUR,MID,45,144.1,167.2,66.0,38.0,18,0,3,0,0,0,0,2,0,1.9,751,0,28
Whiteman,TOT,GKP,40,0.0,0.0,0.0,0.0,0,0,0,0,0,0,0,0,0,0.1,0,0,0
Wickham,CRY,FWD,49,0.0,0.0,0.0,0.0,0,0,0,0,0,0,0,0,0,0.1,1,0,1
Wijnaldum,LIV,MID,55,100.9,139.0,158.0,39.9,5,1,1,0,0,0,0,1,0,1.4,992,3,39
Williams,EVE,DEF,45,0.0,0.0,0.0,0.0,0,0,0,0,0,0,0,0,0,0.1,0,0,0
Williams,HUD,MID,45,0.0,0.0,0.0,0.0,0,0,0,0,0,0,0,0,0,0.0,0,0,0
Willian,CHE,MID,74,504.7,234.8,275.0,101.5,6,2,3,0,0,0,0,1,0,6.2,770,2,49
Wilmot,WAT,DEF,40,0.0,0.0,0.0,0.0,0,0,0,0,0,0,0,0,0,0.1,2,0,1
Wilshere,WHU,MID,48,33.5,46.2,11.0,9.0,9,0,0,0,0,0,0,2,0,1.1,333,0,7
Wilson,BOU,FWD,68,214.2,316.2,514.0,104.2,14,6,7,0,1,0,0,3,0,36.3,1057,8,72
Winks,TOT,MID,55,39.9,46.8,9.0,9.5,4,0,0,0,0,0,0,3,0,0.0,423,0,13
Wood,BUR,FWD,62,34.7,56.6,154.0,24.2,15,1,0,0,0,0,0,0,0,0.3,541,0,21
Xhaka,ARS,MID,53,208.1,268.6,79.0,55.8,14,2,1,0,0,0,0,4,0,3.5,1014,2,36
Yarmolenko,WHU,MID,68,84.6,86.0,122.0,29.1,6,2,1,0,0,0,0,2,0,0.6,456,2,27
Yedlin,NEW,DEF,45,108.0,182.2,28.0,31.9,15,1,1,1,0,0,0,1,0,1.5,979,1,35
Yoshida,SOU,DEF,42,0.5,41.4,42.0,8.4,4,0,0,0,0,0,0,0,0,0.5,180,0,3
Young,MUN,DEF,57,156.2,122.6,11.0,29.0,16,0,2,0,0,0,0,3,0,1.2,720,0,14
Zabaleta,WHU,DEF,43,53.9,174.2,36.0,26.4,10,0,1,0,0,0,0,3,0,2.6,792,4,24
Zaha,CRY,FWD,68,190.8,202.2,308.0,70.2,14,3,2,0,0,0,0,3,0,13.6,900,3,38
Zambo Anguissa,FUL,MID,44,52.8,112.0,43.0,20.8,13,0,0,0,0,0,0,0,0,0.1,569,0,16
Zanka,HUD,DEF,44,27.6,205.4,29.0,26.4,16,1,0,0,0,0,0,5,0,3.2,977,2,29
Zappacosta,CHE,DEF,51,0.4,1.0,21.0,2.2,0,0,0,0,0,0,0,0,0,0.1,6,0,1
Zeegelaar,WAT,DEF,42,0.0,0.0,0.0,0.0,0,0,0,0,0,0,0,0,0,0.1,0,0,0
Zinchenko,MCI,MID,48,39.1,24.6,30.0,9.4,0,0,0,0,0,0,0,0,0,0.0,90,0,3
Zohore,CAR,FWD,47,57.0,14.8,105.0,17.7,6,0,0,0,0,0,0,0,0,0.3,258,0,8
Zouma,EVE,DEF,50,16.3,140.4,49.0,20.6,10,0,1,0,0,0,0,0,0,0.3,721,3,28
van Aanholt,CRY,DEF,54,106.4,194.4,162.0,46.2,17,1,1,0,0,0,0,2,0,3.7,1080,5,41
van Dijk,LIV,DEF,60,15.7,262.6,86.0,36.5,5,0,0,0,0,0,0,1,0,17.1,1044,5,51
van La Parra,HUD,MID,47,57.6,27.8,41.0,12.6,6,0,0,0,0,0,0,0,0,0.0,405,0,10
Ozil,ARS,MID,83,306.0,224.0,107.0,63.8,11,3,1,0,0,0,0,1,0,5.5,820,7,46
